date,question,option_a,option_b,option_c,option_d,answer,explanation
2026-09-08,What is the circular target scoring area on the ice called in curling?,The Ring,The House,The Circle,The Disc,B,The circular scoring target painted into the ice at each end of the sheet is officially known as the house.
2026-09-08,How many stones does each team deliver in a single end of traditional four-player curling?,6,8,10,12,B,"Each of the four players throws two stones per end, giving each team eight delivered stones for a total of sixteen."
2026-09-08,What is the name of the smallest central circle inside the house?,The Pin,The Eye,The Button,The Spot,C,The button is the central circle of the house with a six-inch radius (one-foot diameter) surrounding the tee.
2026-09-08,What is the diameter of the largest outermost ring of a standard curling house?,10 feet,12 feet,14 feet,16 feet,B,"The standard curling house consists of concentric rings measuring 4 feet, 8 feet, and 12 feet in diameter."
2026-09-08,"According to World Curling specifications, what is the maximum allowable weight of an Olympic curling stone?",38 pounds (17.2 kg),40 pounds (18.1 kg),44 pounds (19.96 kg),48 pounds (21.8 kg),C,A standard curling stone must weigh between 38 and 44 pounds (17.24 to 19.96 kg) including handle and bolt assembly.
2026-09-08,What term describes having the right to deliver the final stone of an end?,The Anvil,The Hammer,The Anchor,The Striker,B,"Holding the hammer means possessing last-stone advantage in the end, which confers a major tactical scoring edge."
2026-09-09,How is scoring determined at the completion of an end in curling?,Both teams score based on stones in the house,Only the team with the stone closest to the button can score,The team with the most guards receives bonus points,Points are awarded for every stone that crosses the tee line,B,Only one team can score in any end: one point for each stone closer to the button than the opponent's closest stone.
2026-09-09,What is the official term for an end in which neither team scores any points?,Dead end,Blank end,Scratch end,Void end,B,"A blank end occurs when neither team scores, allowing the team that held the hammer to retain it for the next end."
2026-09-09,"Under the standard five-rock Free Guard Zone rule, before which stone can an opponent's guard first be legally eliminated from play?",Fourth stone,Fifth stone,Sixth stone,Seventh stone,C,"Under the five-rock rule, no opponent stone positioned in the Free Guard Zone may be knocked out of play before delivery of the sixth stone."
2026-09-09,What happens if a delivered stone comes to rest without completely crossing the far hog line?,It remains in play as a legal long guard,It is immediately removed from play,It is moved to the back line,The opposing skip may reposition it anywhere,B,Any delivered stone that fails to completely cross the far hog line without contacting an in-play stone is removed from play.
2026-09-09,What type of shot comes to rest touching or resting immediately against an opponent's stone in the house?,Freeze,Peel,Split,Wick,A,"A freeze is a precision draw that stops directly against an opponent's stone, making it nearly impossible to remove without moving the shooter."
2026-09-10,Which shot aims to remove an opponent's guard while deliberately rolling the shooter's own stone out of play as well?,Draw,Peel,Raise,Wick,B,A peel is a high-velocity takeout designed to clear a guard while ensuring the shooter rolls out of play to keep the lane open.
2026-09-10,What is the term for striking a stationary stone to push it forward into a better scoring position?,Tapback or raise,Split,Freeze,Jam,A,A raise or promotion involves hitting a stationary stone in front of the house to drive it further into the scoring area.
2026-09-10,What is it called when a moving stone caroms lightly off the side of a stationary rock to alter its path?,Wick,Peel,Dump,Bury,A,A wick (or carom) occurs when a delivered stone glances off the outer edge of another stone to redirect toward the house.
2026-09-10,What shot removes an opponent's stone from the house while the shooter rolls sideways behind a protective guard?,Hit and roll,Hit and stay,Double peel,Through shot,A,A hit and roll strikes an opponent stone to remove it while deflecting sideways into a protected position behind cover.
2026-09-10,From which uninhabited Scottish island is the unique water-resistant microgranite harvested for Olympic stones?,Staffa,Ailsa Craig,Iona,Skye,B,Ailsa Craig in the Firth of Clyde produces rare Common Green and Blue Hone granite used for world-class curling stones.
2026-09-11,What is the name of the narrow annular ring on the bottom of a curling stone that actually contacts the ice?,The Striking Band,The Running Band,The Flat,The Bevel,B,The running band is a concave annular ring approximately 5 inches in diameter and only a few millimeters wide that touches the ice.
2026-09-11,What is the purpose of spraying fine water droplets onto the ice sheet before a curling match?,Freezing the hack securely,Creating pebble to reduce friction,Marking the hog lines,Preventing stones from curling too much,B,"Pebbling creates raised droplets that freeze into tiny bumps, greatly reducing friction so stones slide freely and curl predictably."
2026-09-11,What tool do ice technicians use to cut off the sharp tops of frozen pebble droplets for consistent speed?,Ice rake,Ice scraper or nipper,Hedge trimmer,Rotary brush,B,"A pebble nipper or specialized flat ice blade shears the tops of fresh pebble drops, creating flat microscopic platforms for smooth gliding."
2026-09-11,What term describes an area of the curling sheet where stones consistently deviate or slide off true line?,Fall or run,Biter,Hack ridge,Tee shelf,A,A fall or run refers to an irregularity or slope in the sheet where gravity causes stones to fall away from or curl unexpectedly toward an edge.
2026-09-11,Which player on a four-person curling team traditionally throws the first two stones of an end?,Lead,Second,Third,Skip,A,The lead delivers the team's first two stones of an end and provides crucial sweeping duties for subsequent teammates.
2026-09-12,"Which player is primarily responsible for team strategy, calling shots, and holding the broom in the house?",Lead,Second,Third,Skip,D,"The skip acts as team captain, determining game tactics, reading ice curl, and holding target brooms for teammates' deliveries."
2026-09-12,What is another common title for the player who throws third stones and holds the broom when the skip delivers?,Vice-skip or mate,Alternate,Sweeper-in-chief,Tail,A,"The third is also known as the vice-skip or mate, directing the house and consulting with the skip on critical strategic calls."
2026-09-12,Which pair of positions on a four-person team does the bulk of sweeping during the skip's shots?,Lead and Second,Second and Third,Lead and Third,Skip and Alternate,A,"The front end (lead and second) are the primary sweepers for the back end's shots, possessing the conditioning for sustained brushing."
2026-09-12,What is the official term for a team's designated fifth player who serves as a substitute during championships?,Rover,Alternate,Caddy,Relief,B,Major championships permit teams to carry an alternate who can substitute into games between ends or during injury timeouts.
2026-09-12,What material is most commonly used on the sliding sole of modern competitive curling shoes?,Rubber,Teflon (PTFE),Polyurethane,Felt,B,"Curling shoes feature a low-friction Teflon slider on the sliding foot, enabling a smooth, balanced slide down the ice."
2026-09-13,What protective rubber covering does a curler wear over their slider shoe while walking off the ice or sweeping?,Gripper,Cleat,Gaiter,Overboot,A,A slip-on rubber gripper fits snugly over the Teflon slider to prevent slips while sweeping and protect the slider sole from dirt.
2026-09-13,What regulation fabric specification was mandated by World Curling in 2016 for championship brush heads?,Wool tweed,Mustard yellow woven nylon oxford fabric,Synthetic microfiber,Cotton canvas,B,The 2016 Sweeping Summit led to standardized yellow woven nylon oxford fabric to eliminate directional fabric manipulation.
2026-09-13,What hand-held device or crutch do many curlers use in their non-throwing hand to assist delivery balance?,Stabilizer,Balance cane,Glider strut,Puck,A,A stabilizer is a lightweight frame curlers hold during the slide to maintain shoulder alignment and balance instead of a broom.
2026-09-13,What delivery aid is permitted in club play and wheelchair curling to push stones without crouching in the hack?,Delivery stick,Canoe paddle,Push pole,Slide bar,A,"A delivery stick clamps over the stone handle, allowing curlers with knee or back limitations to deliver stones from a standing position."
2026-09-13,How does sweeping affect the movement of a delivered curling stone?,It makes the stone stop faster and curl more,It reduces friction to carry the stone further and hold its line,It causes the stone to bounce and spin backwards,It increases weight by chilling the running band,B,"Vigorous brushing cleans the pebble and creates momentary thermal friction, keeping the stone sliding further and reducing its curl."
2026-09-14,What sweeping technique involves a single sweeper brushing at a specific angle to steer stone trajectory?,Directional sweeping,Power scouring,Cross-hatching,Broom dragging,A,Directional sweeping utilizes specific brush angles and body positions to either hold a stone straight or encourage it to carve.
2026-09-14,Which sweeper has the best vantage point to judge the speed and weight of a delivered stone?,The sweeper closest to the stone,The sweeper closest to the skip,The opposing team's skip,The lead standing in the hack,A,"The sweeper closest to the stone can hear pebble noise and read stone rotation, making them primary judges of shot weight."
2026-09-14,"When an opponent's stone crosses the tee line behind the house, who is legally permitted to sweep it?",Any player on either team,Only one player from the defending team,Nobody may sweep behind the tee line,Both leads simultaneously,B,"Behind the tee line, only one player from the defending team (typically the skip or vice-skip) is permitted to sweep an opponent's stone."
2026-09-14,What tool do competitive sweepers use to record interval times between the back line and hog line?,Laser velocity sensor,Electronic stopwatch,Pedometer,Radar gun,B,"Sweepers carry digital stopwatches to time rock splits between lines, enabling instant communication of delivery weight to the skip."
2026-09-14,Why does a team without hammer often play aggressive centre guards in the early stones of an end?,To force a blank end,To clog the four-foot and create steal opportunities,To make takeout shots easier for the opponent,To waste their stones quickly,B,"Playing guards without hammer clutters the centre of the sheet, hiding stones in the house to generate a steal of points."
2026-09-15,What does it mean tactically to 'force' an opponent who has the hammer in an end?,Compelling them to concede the match,Restricting them to scoring only a single point,Forcing them to use their team timeout,Making them play an extra end,B,"Forcing an opponent means limiting their hammer advantage to a single point, which is considered a strategic victory for the defending team."
2026-09-15,"When trailing by two points with hammer in the ninth end of a ten-end game, what is the preferred outcome?",Taking one point,Blanking the end to keep hammer in the tenth,Throwing stones through to concede,Scoring two or more points,D,"Trailing by two, the hammer team aims for two or more points to tie or lead heading into the final tenth end."
2026-09-15,Why would a skip with hammer choose to blank an end when only a single point is available?,To end the game immediately,To retain last-stone advantage in the following end,To prevent the opposing team from sweeping,To save thinking time on the clock,B,"Blanking preserves the hammer for the next end, giving the team another opportunity to generate a multi-point score."
2026-09-15,"In the final end of a tied game, what is the ultimate goal for the team holding the hammer?",Score three points,Score at least one point or avoid giving up a steal,Blank the end to force another,Draw behind a corner guard,B,Holding hammer in a tied final end requires only a single point to secure immediate victory in the match.
2026-09-15,In which country did the sport of curling originate during the late Middle Ages?,Canada,Scotland,Norway,Sweden,B,"Curling was invented in medieval Scotland, with early written records and artifacts dating to the early 16th century."
2026-09-16,"What historic relic found in Dunblane, Scotland bears the engraved date 1511?",The Stirling Stone,The Dunblane Curling Stone,The Royal Caledonian Trophy,The King James Quoit,A,The Stirling Stone (found when a pond was drained near Dunblane) bears carved dates 1511 and is one of the oldest known curling artifacts.
2026-09-16,What famous Scottish poet wrote 'Tam Samson's Elegy' in 1786 celebrating a passionate curler?,Robert Burns,Walter Scott,Robert Louis Stevenson,Lord Byron,A,"Scotland's national bard Robert Burns penned 'Tam Samson's Elegy' in 1786, immortalizing curling culture and terminology of his day."
2026-09-16,What historic governing body was founded in 1838 at Edinburgh as the Grand Caledonian Curling Club?,World Curling Federation,Royal Caledonian Curling Club,Curling Canada,International Olympic Committee,B,The Grand Caledonian Curling Club was formed in Edinburgh in 1838 and received royal patron status from Queen Victoria in 1843.
2026-09-16,What natural outdoor loch in Scotland has hosted legendary Grand Matches pitting North vs South curlers?,Loch Lomond,Loch Ness,Loch Leven,Lake of Menteith,D,"When deep winter freezes allow, the historic Grand Match outdoor bonspiel takes place on the frozen waters of the Lake of Menteith."
2026-09-16,At which inaugural Olympic Winter Games was men's curling first contested as an official medal event?,1924 Chamonix,1932 Lake Placid,1960 Squaw Valley,1998 Nagano,A,Curling was held at the 1924 Chamonix Winter Games; in 2006 the IOC officially verified that it was a full medal event won by Great Britain.
2026-09-17,Which country won the men's gold medal when curling returned to the official Olympic programme in 1998?,Canada,Switzerland,Norway,Sweden,B,"Patrick Hürlimann's Swiss team captured the 1998 men's Olympic gold medal in Nagano, Japan, defeating Canada's Mike Harris in the final."
2026-09-17,Who skipped the Canadian women's team to iconic gold at the 1998 Nagano Winter Olympics?,Sandra Schmirler,Jennifer Jones,Cheryl Bernard,Shannon Kleibrink,A,Regina legend Sandra Schmirler led her Canadian rink to the first modern women's Olympic curling gold medal in 1998.
2026-09-17,Which American skip engineered an improbable five-game win streak to capture men's Olympic gold in 2018?,Pete Fenson,John Shuster,Matt Hamilton,Brady Clark,B,John Shuster's USA rink rebounded from a 2-4 round-robin start to win five straight elimination games and the 2018 PyeongChang gold medal.
2026-09-17,"Which Swedish skip has won Olympic gold (2022), silver (2018), and bronze (2014) in men's curling?",Peja Lindholm,Niklas Edin,Oskar Eriksson,Peter Lindholm,B,"Niklas Edin skipped Sweden to medals at three consecutive Olympic Games, culminating in gold at Beijing 2022."
2026-09-17,What was the original name of the Men's World Curling Championship when founded in 1959?,The Scotch Cup,The Canada Cup,The Silver Broom,The President's Trophy,A,"The world championship began in 1959 as the Scotch Cup, a two-nation duel between Canada and Scotland, before expanding internationally."
2026-09-18,Which legendary Saskatchewan family team won four Scotch Cup world championships between 1959 and 1963?,The Ferbey Four,The Richardson Rink,The Martin Rink,The Howard Rink,B,Ernie Richardson skipped his Regina team (with brother Garnet and cousins Arnold and Wes) to four world championships in five seasons.
2026-09-18,Which Swiss skip led her team to an unprecedented four consecutive Women's World Curling titles from 2019 to 2023?,Mirjam Ott,Silvana Tirinzoni,Binia Feltscher,Alina Pätz,B,"Silvana Tirinzoni skipped Switzerland to four straight Women's World Curling Championships (2019, 2021, 2022, and 2023)."
2026-09-18,Which Scottish skip led Great Britain women to Olympic gold in 2022 and won the 2013 World Championship?,Rhona Martin,Eve Muirhead,Jackie Lockhart,Kelly Schafer,B,Eve Muirhead skipped Scotland to the 2013 world title and capped her career by leading Great Britain to Olympic gold in Beijing 2022.
2026-09-18,Which skip holds the all-time record for the most Men's World Curling Championship gold medals as skip?,Randy Ferbey,Kevin Martin,Niklas Edin,Brad Gushue,C,"Niklas Edin won a record seven Men's World Curling Championships as skip (2013, 2015, 2018, 2019, 2021, 2022, and 2024)."
2026-09-18,What is the official championship trophy of the Canadian Men's Curling Championship called?,The Brier Tankard,The Macdonald Cup,The Maple Crown,The Stanley Urn,A,The Brier Tankard has been awarded to the Canadian men's curling champions since the inaugural competition in 1927.
2026-09-19,Which Newfoundland and Labrador skip won six Canadian men's Brier championships between 2017 and 2024?,Mark Nichols,Brad Gushue,Brad Jacobs,Jeff Stoughton,B,"Brad Gushue won six Brier titles as skip (2017, 2018, 2020, 2022, 2023, 2024), tying the individual record for Brier championships."
2026-09-19,What nickname was given to Alberta's famous team featuring David Nedohin throwing fourth stones?,The Dream Team,The Ferbey Four,The Prairie Dogs,The Northern Lights,B,"The Ferbey Four featured Randy Ferbey skipping while throwing third stones, with David Nedohin throwing fourth stones."
2026-09-19,Which Alberta skip was nicknamed 'The Bear' and went undefeated to win 2010 Olympic gold in Vancouver?,Kevin Martin,Kevin Koe,Pat Ryan,Don Duguid,A,Kevin Martin ('The Bear') captured four Brier crowns and posted an unblemished 11-0 record to claim Olympic gold in 2010.
2026-09-19,What distinctive coloured jacket is awarded to curlers who win the Canadian men's Brier championship?,Red Jacket,Purple Heart Jacket,Gold Blazer,Green Coat,B,"Brier champions are awarded the prestigious Purple Heart crest and jacket, a tradition dating back to Macdonald Tobacco sponsorship."
2026-09-19,What is the name of Canada's national women's curling championship tournament?,The Scotties Tournament of Hearts,The Canada Cup of Hearts,The Canadian Ladies Trophy,The Maple Leaf Classic,A,The Canadian women's championship has been known as the Scotties Tournament of Hearts since Kruger Products began sponsorship in 1982.
2026-09-20,Which two skips share the record for winning six Scotties Tournament of Hearts titles as skip?,Sandra Schmirler and Rachel Homan,Colleen Jones and Jennifer Jones,Kerri Einarson and Kelly Scott,Cathy Overton-Clapham and Jill Officer,B,Nova Scotia's Colleen Jones and Manitoba's Jennifer Jones each captured six Canadian women's national championships as skip.
2026-09-20,Which Manitoba skip won four consecutive Scotties Tournament of Hearts titles from 2020 to 2023?,Rachel Homan,Kerri Einarson,Chelsea Carey,Tracy Fleury,B,"Kerri Einarson and her team from Gimli, Manitoba, achieved a historic four-peat at the Scotties from 2020 through 2023."
2026-09-20,Who skipped Team Canada women to an undefeated 11-0 record and Olympic gold at Sochi 2014?,Jennifer Jones,Cheryl Bernard,Shannon Kleibrink,Kaitlyn Lawes,A,Jennifer Jones skipped her Winnipeg rink to an undefeated gold medal run at the 2014 Sochi Winter Olympic Games.
2026-09-20,Which Ottawa skip won the 2017 and 2024 World Women's Curling Championships alongside longtime teammate Emma Miskew?,Rachel Homan,Val Sweeting,Kelsey Rocque,Heather Nedohin,A,Rachel Homan captured world women's gold medals in 2017 and 2024 with a powerhouse team featuring vice-skip Emma Miskew.
2026-09-20,How many total stones are delivered by each team in an end of Mixed Doubles curling?,Four,Five,Six,Eight,B,"In Mixed Doubles, each team delivers only five stones per end, with one player throwing stones 1 and 5 and the partner throwing 2, 3, and 4."
2026-09-21,What unique tactical option allows a team with hammer in Mixed Doubles to reposition pre-placed stones to the wings?,Power Play,Split Option,Wing Guard,Corner Strike,A,"The Power Play moves the pre-placed stones to split corner positions, opening up the centre of the sheet for aggressive scoring."
2026-09-21,How many stationary stones are positioned on the ice before each end starts in Mixed Doubles?,One,Two,Three,Four,B,"Before each end, two stationary stones are placed: one centre guard and one stone partially in the four-foot circle of the house."
2026-09-21,Which Canadian duo won the inaugural Olympic gold medal in Mixed Doubles curling at PyeongChang 2018?,Rachel Homan and John Morris,Kaitlyn Lawes and John Morris,Jennifer Jones and Brent Laing,Jocelyn Peterman and Brett Gallant,B,Kaitlyn Lawes and John Morris teamed up to capture the first Olympic gold medal in Mixed Doubles curling in 2018.
2026-09-21,Which Italian pair went undefeated through the entire tournament to capture Mixed Doubles Olympic gold in 2022?,Stefania Constantini and Amos Mosaner,Silvana Tirinzoni and Benoit Schwarz,Alina Pätz and Sven Michel,Kristin Skaslien and Magnus Nedregotten,A,Stefania Constantini and Amos Mosaner compiled a flawless 11-0 record to secure Italy's historic first Olympic curling medal in 2022.
2026-09-21,How is the stone delivered in Paralympic wheelchair curling?,By sliding from a low hack,Using an approved delivery stick from a stationary wheelchair,By rolling the stone with two hands,Using an electric catapult,B,"Wheelchair curlers use an approved delivery stick that latches onto the stone handle, releasing it smoothly from a stationary wheelchair."
2026-09-22,What is a fundamental difference in sweeping rules for wheelchair curling compared to four-player curling?,Both sweepers must sit in chairs,No sweeping is permitted at any time during a stone's travel,Sweeping is only permitted behind the tee line,Sweeping must be done using only one arm,B,"In wheelchair curling, sweeping is completely prohibited once the stone is delivered, placing ultimate emphasis on throw weight and line."
2026-09-22,What gender composition is required for teams competing in international Paralympic wheelchair curling?,All male or all female,Each four-person team must include at least one male and one female player,Teams must have two men and two women,Any combination is permitted,B,World Curling and Paralympic rules mandate that four-person wheelchair curling teams must be gender-inclusive with at least one player of each gender.
2026-09-22,Between which two lines on the sheet must a wheelchair curler clearly release the stone from the delivery stick?,Back line and tee line,Hack line and the near hog line,Tee line and centre line,Hog line and house,B,"The wheelchair must be stationed between the hack line and the near hog line, and the stone must be released before crossing the near hog line."
2026-09-22,Which country won the inaugural Paralympic wheelchair curling gold medal at Turin in 2006?,Norway,Canada,Great Britain,Sweden,B,"Canada, skipped by Chris Daw, captured the first Paralympic wheelchair curling gold medal at the 2006 Torino Paralympic Winter Games."
2026-09-22,What prestigious series of elite invitational curling tour events was created in Canada in 2001–2002?,World Curling Tour Finals,Grand Slam of Curling,Crown Jewel of Curling,The Elite Eight Series,B,The Grand Slam of Curling was established by top competitive curlers to provide premier championship conditions and prize money.
2026-09-23,Which Grand Slam event is traditionally the season-ending championship featuring the year's top tour teams?,The Masters,The National,The Players' Championship,The Tour Challenge,C,"The Players' Championship has served as the flagship, season-culminating Grand Slam of Curling event since the tour's founding."
2026-09-23,Which skip holds the men's all-time record with 18 career Grand Slam of Curling championships as skip?,Randy Ferbey,Kevin Martin,Brad Gushue,Glenn Howard,B,"Kevin Martin dominated the Grand Slam tour throughout his career, capturing a record 18 men's Grand Slam titles as a skip."
2026-09-23,Which Scottish skip led his rink to three consecutive Grand Slam titles and the 2023 Men's World Championship?,Ross Whyte,Bruce Mouat,Kyle Waddell,David Murdoch,B,"Bruce Mouat emerged as a dominant international force, skipping Scotland to world gold in 2023 and multiple Grand Slam titles."
2026-09-23,What innovative rule was introduced at Grand Slam events to prevent tick shots on centre guards?,No-Tick Rule,Double Guard Rule,Fast-Ice Rule,Corner Freeze Rule,A,The No-Tick Rule prohibits teams from bumping guards touching the centre line off the line during the five-rock Free Guard Zone period.
2026-09-23,"Which Ontario skip, known for his precision runbacks, played in over 200 Brier games and won four world titles?",Russ Howard,Glenn Howard,Wayne Middaugh,Peter Corner,B,"Glenn Howard of Penetanguishene, Ontario, competed in 19 Briers, winning four Canadian men's titles and four world championships."
2026-09-24,Who skipped Sweden's women's team to Olympic gold at PyeongChang 2018?,Anette Norberg,Anna Hasselborg,Margaretha Sigfridsson,Cecilia Östlund,B,"Anna Hasselborg skipped Sweden to Olympic gold in 2018, defeating South Korea's 'Garlic Girls' in the championship final."
2026-09-24,Which Swedish skip won back-to-back women's Olympic gold medals in 2006 (Turin) and 2010 (Vancouver)?,Anette Norberg,Anna Hasselborg,Elisabet Gustafson,Dordi Nordby,A,Anette Norberg made history by skipping Sweden to consecutive Olympic gold medals at the 2006 and 2010 Winter Olympic Games.
2026-09-24,"Who was the legendary third for Kevin Martin who won an Olympic gold, world championship, and four Brier titles?",John Morris,Marc Kennedy,Don Walchuk,Carter Rycroft,A,"John Morris joined Kevin Martin in 2006, throwing third stones and winning 2008 and 2009 Briers, the 2008 Worlds, and 2010 Olympic gold."
2026-09-24,Which Canadian curling legend served as skip for the famous 'Ferbey Four' and won six Brier titles?,David Nedohin,Randy Ferbey,Scott Pfeifer,Marcel Rocque,B,"Randy Ferbey won six Brier titles (four as skip, two as third with Pat Ryan), pioneering the modern system of team play."
2026-09-24,What famous nickname was given to South Korea's women's team that won Olympic silver at PyeongChang 2018?,The Seoul Sisters,The Garlic Girls,The Tigers of Uiseong,The Ice Maidens,B,Team Kim from garlic-producing Uiseong county captured global attention in 2018 and earned the affectionate moniker 'Garlic Girls'.
2026-09-25,Which skip led Japan's 'Loco Solare' rink to Olympic bronze in 2018 and silver in 2022?,Satsuki Fujisawa,Chinami Yoshida,Yurika Yoshida,Ayumi Ogasawara,A,Satsuki Fujisawa skipped Japan's Loco Solare team to back-to-back historic Olympic medals at PyeongChang 2018 and Beijing 2022.
2026-09-25,What country's men's team famously gained worldwide fame in 2010 for wearing outrageously colourful patterned pants?,Denmark,Norway,Sweden,Germany,B,Thomas Ulsrud's Norwegian team became international sensations at the 2010 Vancouver Olympics by competing in brightly patterned Loudmouth trousers.
2026-09-25,"Which country's team, skipped by Dordi Nordby, won two Women's World Curling Championships in 1990 and 1991?",Norway,Sweden,Denmark,Switzerland,A,"Dordi Nordby of Snarøen, Norway, was one of the most prolific women's skips of her era, winning back-to-back world titles in 1990 and 1991."
2026-09-25,Which European nation has won five consecutive World Women's Curling silver medals or gold medals through Tirinzoni's rink?,Germany,Switzerland,Italy,Czechia,B,"Switzerland has dominated international women's curling, winning four straight world crowns between 2019 and 2023 with Silvana Tirinzoni."
2026-09-25,"What defensive strategy from the late 1980s, dubbed the 'Ryan Express', led directly to the creation of the Free Guard Zone?",Drawing to the button on stone one,Hitting every opponent stone out of play to keep the sheet completely blank,Peeling opponent guards behind the back line,Throwing corner guards on every shot,B,"Pat Ryan's Alberta team systematically cleared every stone from play with peel takeouts, prompting rules to protect early guards."
2026-09-26,"When the Free Guard Zone was first introduced into World Curling rulebooks in 1993, how many rocks were protected?",Two-rock rule,Three-rock rule,Four-rock rule,Five-rock rule,C,"The rule debuted internationally as a four-rock rule, protecting the first four stones of an end before expanding to five stones in 2018."
2026-09-26,"Under the Free Guard Zone rule, what happens if a team illegally knocks an opponent's guard out of play before the sixth stone?",The opposing team gets two penalty points,The removed stone is replaced to its original spot and the shooter is removed from play,The stone is placed on the button,The end is declared a blank,B,"If an opponent's FGZ stone is removed prematurely, the non-offending skip replaces it to its original spot and the delivered stone is burned."
2026-09-26,Can a team knock their OWN guard out of play during the Free Guard Zone without violating the rule?,No it is strictly prohibited,Yes only opponent stones are protected by the Free Guard Zone rule,Only if the skip gives verbal consent,Only on stone number five,B,The FGZ rule protects only stones belonging to the non-delivering team; teams are completely free to hit or peel their own guards.
2026-09-26,What area constitutes the Free Guard Zone on a curling sheet?,The entire house between tee line and back line,The area between the hog line and tee line excluding the house,The area behind the hack,Only the twelve-foot ring,B,"The FGZ covers the ice surface between the hog line and the tee line, excluding the house (stones touching the house are in-play targets)."
2026-09-26,"If you are tied without hammer in an extra end, what type of stone must you almost always play with your lead shots?",Centre guard,Through-the-house peel,Corner guard,Open hit,A,"Without hammer in an extra end, a team must place tight centre guards to block direct access to the four-foot and force a steal."
2026-09-27,What does the phrase 'split the house' mean in curling strategy?,Breaking a stone in half upon delivery,Placing stones on opposite sides of the house to prevent a double takeout,Sweeping simultaneously with two different brooms,Delivering two stones at the exact same moment,B,"Splitting the house means drawing stones to opposite wings, ensuring an opponent cannot eliminate both threats with a single shot."
2026-09-27,Why is drawing behind an opponent's centre guard into the four-foot often called 'burying' a stone?,It melts directly into the ice,It hides completely from the opponent's direct line of sight for an open takeout,It removes the stone from the scoring zone,It ends the end immediately,B,Burying a stone means curling it fully behind a guard so the opponent cannot see or hit it with a straight open takeout shot.
2026-09-27,What tactical risk occurs when a team has stones clustered together in the four-foot without guards?,They cannot be swept,They are vulnerable to a multi-stone double or triple takeout,They do not count for points,The ice warms up too fast,B,Clustering unguarded stones in the centre creates target angles that allow a skilled shooter to remove multiple rocks in one shot.
2026-09-27,What shot is typically called when you want to nudge an opponent's stone off the button while remaining in the four-foot?,Tap and roll,Tap back (or promote),Peel,Biter,B,A tap back uses controlled takeout or heavy draw weight to nudge an opponent rock back a few feet while the shooter stays in scoring position.
2026-09-27,"What water condition is critical for ice technicians when spraying pebble to avoid soft, fragile droplets?",Using water heated to near boiling with low mineral content,Using salty ocean water,Using untreated tap water at room temperature,Adding alcohol to lower the freezing point,A,"Ice makers use hot, deionized or reverse-osmosis purified water to produce hard, durable pebble droplets free of mineral imperfections."
2026-09-28,What is the ideal ice surface temperature maintained in a professional curling facility?,10 degrees Fahrenheit (-12 C),23 to 24 degrees Fahrenheit (-4.5 to -4 C),32 degrees Fahrenheit (0 C),38 degrees Fahrenheit (+3 C),B,Championship curling ice is precisely refrigerated so the surface maintains approximately 23 to 24 degrees Fahrenheit (-4.5 to -4 C).
2026-09-28,What phenomenon occurs when frost crystals accumulate on curling ice due to high building humidity?,The ice becomes dangerously fast,The stones run slower and curl erratically or stop abruptly,The pebble becomes indestructible,The house rings fade away,B,"High humidity creates surface frost, which acts like sandpaper, killing rock speed and causing unpredictable, erratic curling paths."
2026-09-28,What device do curling ice makers drive down the sheets between championship draws to level the playing surface?,A zamboni with rubber tires,A precision electric or gas power ice scraper with micro-adjustable blades,A heated thermal roller,A sander,B,Ice technicians utilize specialized curling scrapers with razor-sharp blades adjusted to thousandths of an inch to maintain flat ice.
2026-09-28,What does it mean when curlers report that the sheet is 'straightening out' during the later ends of a game?,The lines painted on the sheet are bending,Stones are curving less than they did earlier in the match,Stones are curling twice as much as normal,The hack has shifted position,B,"Ice tracks break down or acquire frost over time, which can reduce the amount of lateral curl a stone takes during delivery."
2026-09-28,What is the stationary rubber-lined footholds embedded in the ice from which curlers push off called?,The Pedals,The Hacks,The Blocks,The Chutes,B,The hacks are rubber-faced blocks anchored in the ice at both ends of the sheet from which players push out into their delivery slide.
2026-09-29,What are the two basic delivery rotations applied to a curling stone called?,In-turn and out-turn,Left-spin and right-spin,Clockwise and unclockwise,Topspin and backspin,A,"The two fundamental releases are the in-turn and out-turn, determined by which direction the handle is rotated as the rock is released."
2026-09-29,"For a right-handed curler, which rotation causes the stone to curl from right to left across the ice?",In-turn,Out-turn,Back-turn,Top-turn,A,"For a right-handed thrower, an in-turn rotates the stone clockwise, causing it to curl from the right side of the sheet toward the left."
2026-09-29,What rule infraction occurs if a curler maintains physical contact with the stone after it crosses the near hog line?,Foot fault,Hog-line violation (or burned stone),Over-slide,Double-touch,B,The stone must be cleanly released from the thrower's hand before any part of the rock touches the near hog line.
2026-09-29,What modern electronic system uses magnetic sensors inside the handle and ice to detect hog-line violations?,Eye on the Hog,Laser Line,Hog Spotter,Hawk-Eye Sweep,A,The 'Eye on the Hog' system uses circuit sensors in the handle that show green LEDs for clean releases and red flashing LEDs for fouls.
2026-09-29,What is a stone called that barely touches the outermost edge of the twelve-foot circle?,Edge rock,Biter,Scraper,Clipper,B,"A biter is a stone that comes to rest just touching the outer perimeter of the 12-foot house, making it eligible to score upon measurement."
2026-09-30,What curling term describes an unwanted particle of dirt or hair caught under a stone's running band that causes it to stop or veer?,Burr,Pick,Flea,Snag,B,"A pick occurs when a speck of debris lodges under the running edge, braking the stone and causing it to hook drastically off course."
2026-09-30,What does a curler mean when they shout that a delivered stone is 'heavy'?,The stone weighs over 44 pounds,The stone was thrown with too much speed,The stone has no handle,The stone is too cold,B,Calling a shot 'heavy' indicates that the player delivered the stone with greater velocity than required for the intended target.
2026-09-30,What is the narrow opening between two stationary stones on the sheet called?,The Port,The Gate,The Gap,The Window,A,A port is the open space or corridor between two stationary stones through which another stone must be navigated.
2026-09-30,What does it mean when a stone is described as 'buried'?,It is covered by ice shavings,It rests fully behind a guard relative to the shooter's line of delivery,It has broken through the ice,It has crossed the back line,B,"A buried stone sits completely sheltered behind a guard, denying the opposing team an unobstructed straight-line hit."
2026-09-30,What is the legendary post-game tradition where winning and losing teams sit together over refreshments?,Broomstacking,The Ceilidh,The Hack Chat,The Pebble Party,A,Broomstacking is the cherished tradition of curlers stacking their brooms by the ice and sharing social drinks together after every match.
2026-10-01,"Under the Spirit of Curling, what is a player expected to do if they accidentally touch a moving stone with their broom?",Keep quiet unless someone noticed,Immediately call their own infraction and declare the stone burned,Blame the pebble,Demand a re-throw,B,"The Spirit of Curling demands utmost honesty; players immediately admit their own fouls, allowing opponents to decide stone placement."
2026-10-01,What gesture is universally exchanged between all opposing players immediately prior to and following a game?,Saluting with brooms,Shaking hands and saying 'Good Curling',Tapping stones together,Clapping for the ice maker,B,"Before and after every curling game, opponents warmly shake hands and exchange the traditional greeting, 'Good Curling'."
2026-10-01,"In curling etiquette, what is the proper practice when an opposing player is in the hack preparing to deliver?",Stand directly behind their hack to observe line,Stand completely motionless and silent outside the hog lines to avoid distraction,Sweep the ice right in front of them,Talk quietly to the crowd,B,"Players must stand quietly away from the sheet, remaining out of the thrower's sightline so as not to distract delivery concentration."
2026-10-01,What is the customary protocol when a trailing team realizes they have no mathematical chance of victory?,Walk off the ice without saying anything,Concede the match gracefully by shaking hands with the opponent,Keep playing until all rocks are exhausted,Protest to the chief umpire,B,Curling etiquette encourages teams with no realistic path to victory to concede honorably by offering handshakes before all ends conclude.
2026-10-01,How many ends are played in standard World Curling Championship games (barring an extra end)?,6 ends,8 ends,10 ends,12 ends,C,"World Curling Championship and Olympic four-person games are scheduled for ten full ends, with extra ends if tied."
2026-10-02,How many ends are standardly played in Grand Slam of Curling and Mixed Doubles matches?,6 ends,8 ends,10 ends,12 ends,B,Grand Slam of Curling events and all Mixed Doubles matches utilize an eight-end game format to maintain faster pace of play.
2026-10-02,What timing method allocates each team a set amount of clock time that counts down ONLY when they are deciding their shot?,Running clock,Thinking time,Shot clock of 30 seconds,Sand timer,B,Modern curling uses thinking time: a team's clock runs from when the opponent's stone stops until their own delivered stone crosses the tee line.
2026-10-02,What pre-game precision skill challenge is used to determine last-stone hammer advantage in round-robin play?,Shootout round,Last Stone Draw (Draw Shot Challenge),Rapid-fire takeouts,Speed sliding test,B,"Before games, each player delivers an official Draw Shot Challenge toward the button; measured distances determine pre-game hammer."
2026-10-02,"What tournament format, historically famous at the Canadian Brier, pitted 1st vs 2nd and 3rd vs 4th in playoffs?",Single elimination,Page Playoff System,Round Robin only,Double Knockout,B,"The Page Playoff system rewards top round-robin finishers: 1 vs 2 winner goes to the final, while the loser plays the 3 vs 4 winner in the semi-final."
2026-10-02,What remarkable milestone did Canada's Brad Gushue achieve across the 2017 to 2024 Canadian Men's Championships?,Won 6 Brier titles as skip in an 8-year span,Threw 100 percent in 100 consecutive games,Swept all stones himself,Won without an alternate,A,"Brad Gushue demonstrated historic dominance by capturing six Brier tankards as skip over an eight-year period (2017, 2018, 2020, 2022, 2023, 2024)."
2026-10-03,"Who is the only curler in history to win Olympic gold, the World Championship, and the Brier as skip undefeated in all three tournaments?",Kevin Martin,Niklas Edin,Brad Jacobs,John Shuster,A,"Kevin Martin skipped teams to undefeated runs at the 2010 Olympics (11-0), 2008 Worlds (unbeaten playoffs), and multiple undefeated Briers."
2026-10-03,How many consecutive Women's World Curling gold medals did Switzerland's Team Tirinzoni win between 2019 and 2023?,Two,Three,Four,Five,C,"Team Tirinzoni won an unprecedented four consecutive Women's World Championships in 2019, 2021, 2022, and 2023 (the 2020 event was cancelled)."
2026-10-03,What legendary Canadian skip was named the greatest male curler of all time in a 2019 TSN expert panel vote?,Kevin Martin,Ernie Richardson,Randy Ferbey,Russ Howard,A,"In 2019, a national panel of sports journalists and curling champions voted Kevin Martin as the greatest Canadian male curler in history."
2026-10-03,What record did Sweden's Niklas Edin establish by winning the 2024 World Men's Curling Championship in Schaffhausen?,First skip to win seven World Men's Championships,First skip to score 8 points in one end,Oldest curler at the world championship,Only skip to throw third rocks,A,"Niklas Edin won his record-extending seventh World Men's Championship as skip in 2024, defeating Canada's Brad Gushue in the final."
2026-10-03,What precision measuring tool is used when two stones appear equidistant from the button to determine the point?,A plastic ruler,A mechanical measuring stick with a precision dial micrometer,A laser level,A standard tape measure,B,Officials place a certified measuring stick on the centre pin and swing a micrometer dial against stone edges to determine scoring points.
2026-10-04,What statistical metric measures an individual player's shot success percentage during a curling game?,Plus-minus,Shot success percentage (curling shooting percentage),Brier coefficient,True-throw rating,B,"Curling statisticians evaluate every shot on a 0-to-4 scale (0%, 25%, 50%, 75%, 100%), calculating an overall game shot percentage."
2026-10-04,"In competitive analytics, what does 'holding the hammer' yield on average in modern elite men's ten-end games?",An automatic three points every end,A win probability advantage of roughly 60 percent at the start of a match,No statistical advantage whatsoever,Guaranteed extra ends,B,Statistical analytics show that having hammer at the start of an elite match confers roughly a 60% probability of winning the game.
2026-10-04,What is the Maximum Cumulative DSC (Draw Shot Challenge) used for at major championships?,Determining team jersey colours,Breaking round-robin ties for playoff seeds when head-to-head is inconclusive,Selecting game officials,Deciding who gets practice ice,B,Cumulative Draw Shot Challenge distances are used by World Curling to break ties for playoff seeds without requiring tiebreaker games.
2026-10-04,What score is given to a shot evaluated as an 'absolute total miss' that accomplishes none of its intended goals?,1 point out of 4,0 points out of 4 (0%),2 points out of 4,Minus 1 point,B,Curling scoring evaluates shots from 0 to 4; an unforced error or complete miss receives 0 points (0% execution).
2026-10-04,What official signal does a curling umpire use when timing clocks expire on a team before stone delivery is completed?,A red laser light,Blowing an audible whistle and stopping play,Flashing a yellow card,Ringing a brass bell,B,"If a team's thinking time clock reaches 0:00 before the stone is delivered, the umpire blows a whistle and orders the stone removed."
2026-10-05,What happens if a player accidentally burns a stone between the hog lines with their broom while sweeping?,The stone is instantly removed from play by the delivering team,"The opposing skip can let it stand, remove it, or place stones where they would have rested",Both teams must throw extra rocks,The umpire delivers a replacement rock,B,"Under World Curling rules, if an in-motion stone is touched, the non-offending skip has options to place rocks where they reasonably would have stopped."
2026-10-05,Can an umpire use video replay to overturn a line call at the World Curling Championships?,Yes for official hog-line or stone contact reviews,No video review is strictly forbidden,Only if the crowd boos,Only after the game concludes,A,"At major championships, chief umpires have access to video review systems to verify close hog-line infractions and stone displacements."
2026-10-05,What tool do officials use to determine if a stone is a 'biter' touching the outer edge of the twelve-foot circle?,A visual guess from the stands,A certified biter bar swung from the tee pin around the 12-foot circumference,A magnetic sensor,A digital camera zoom,B,"A biter gauge or swing bar anchored to the house centre pin is swung around the perimeter; if it contacts the stone, the stone is in the house."
2026-10-05,Who is the only person permitted to request a formal measurement from the game official at the conclusion of an end?,Any spectator,Either team's skip or vice-skip,The ice technician,The television commentator,B,Only the team skips or acting vice-skips have the authority to request a formal measurement from the on-ice official.
2026-10-05,What famous shot did Canada's Al Hackner execute at the 1985 Brier final to force an extra end against Pat Ryan?,A 150-foot draw to the button,The 'Hackner Double' - an impossible thin double-takeout,A quadruple peel,A freeze between two stones,B,"Northern Ontario's Al Hackner made the legendary 'Hackner Double', slicing a razor-thin angle to remove two Alberta rocks and win the Brier."
2026-10-06,What dramatic finish occurred in the 2010 Olympic women's gold medal match in Vancouver?,Cheryl Bernard missed a final takeout allowing Sweden's Anette Norberg to steal gold in an extra end,Canada won with an eight-ender,The game was called due to melting ice,The United States conceded in the fifth end,A,"Canada's Cheryl Bernard held hammer in the tenth and eleventh ends but narrowly missed final shots, allowing Sweden's Norberg to capture gold."
2026-10-06,What miraculous shot did John Shuster make in the 8th end of the 2018 Olympic Men's Final to score five points?,A five-stone promotion,A pinpoint double takeout for five points against Sweden,A through shot to clear guards,A freeze to the back four-foot,B,"USA skip John Shuster executed a clinical double takeout in the 8th end against Sweden, scoring five points to secure Olympic gold."
2026-10-06,What is the maximum number of points a team can score in a single end of four-player curling?,Six,Eight,Ten,Twelve,B,"An 'eight-ender' (scoring all eight stones in a single end) is the maximum possible score in an end, considered curling's rarest feat."
2026-10-06,Which Canadian skip won the 2006 Olympic men's gold medal in Turin with a sensational six-point sixth end in the final?,Kevin Martin,Brad Gushue,Mark Dacey,Russ Howard,B,Brad Gushue exploded for six points in the sixth end against Finland's Markku Uusipaavalniemi to claim Canada's first Olympic men's gold in 2006.
2026-10-06,What is a weekend recreational curling tournament called among curling clubs worldwide?,A Bonspiel,A Derby,A Regatta,A Rounder,A,"A bonspiel is the traditional Scottish and worldwide term for a curling tournament, combining competitive games with social festivities."
2026-10-07,"In traditional mixed curling (four players), what is the mandatory requirement for the roster line-up?",Players must alternate genders throughout the throwing order (male-female-male-female),All players must be under 21,Only the skip can be male,There are no gender rules,A,World Curling mixed rules require teams to feature two men and two women who must throw in alternating gender order.
2026-10-07,What is the maximum age limit for athletes competing in the World Junior Curling Championships?,Under 18,Under 21 (athletes must not have reached 21 by June 30 preceding the event),Under 25,Under 30,B,World Junior Curling Championships are restricted to junior competitors who have not reached 21 years of age prior to July 1 of the competition year.
2026-10-07,What piece of equipment do curlers tap gently against the ice surface before stepping onto the sheet?,Their broom head,Their gripper to dislodge dirt and lint debris,Their helmet,Their measuring gauge,B,"Curlers tap their shoes and grippers to knock away lint, hair, or dirt before stepping on the ice, preserving clean pebble."
2026-10-07,What special award is presented at Canadian championships to curlers who best exemplify sportsmanship and curling spirit?,The Silver Broom,The Marj Mitchell and Ross Harstone Sportsmanship Awards,The Golden Pebble,The Hackner Trophy,B,"Curling Canada awards the Ross Harstone (men's) and Marj Mitchell (women's) sportsmanship honors, voted on by fellow competitor peers."
2026-10-07,What is the distance between the two hack lines at opposite ends of a standard regulation curling sheet?,100 feet (30.48 m),120 feet (36.58 m),138 to 140 feet (42.07 to 42.67 m),160 feet (48.77 m),C,The distance between the two hack lines on a standard competition curling sheet is precisely 138 to 140 feet (42.07 to 42.67 m).
2026-10-08,"What line on the curling sheet marks the exact centre of each house, crossing perpendicular to the centre line?",The Hog line,The Tee line,The Back line,The Hack line,B,"The tee line bisects each house horizontally, running directly through the centre button perpendicular to the sheet's centre line."
2026-10-08,"If a delivered stone fully crosses the back line behind the house without touching other rocks, what is its status?",It is live and counts as a back guard,It is immediately out of play and removed from the sheet,It is placed on the tee line,The opponent must sweep it forward,B,Any stone that completely crosses the back line is dead and must be immediately removed from play.
2026-10-08,What colour handles are traditionally used in international competition to distinguish the two competing teams?,Red and Yellow,Blue and Green,Black and White,Orange and Purple,A,Standard World Curling and Olympic competition sets feature one team throwing red handles and the other throwing yellow handles.
2026-10-08,"What is the beloved global motto of curling, enshrined in the preamble to the international rules?",Curling for Victory,The Spirit of Curling,First on the Sheet,Master the Granite,B,"The Spirit of Curling' is the guiding philosophical motto of the sport, honoring fair play, mutual respect, and supreme sportsmanship."